{"a5e8adb6-5008-4a4f-b7e1-e35190837a3e":{"gameRegistryId":"mod/ugc_1067631798.mod","source":"steam","steamId":"1067631798","displayName":"Expanded Stellaris Ascension Perks","tags":["Gameplay"],"requiredVersion":"2.3.*","archivePath":"E:\\Steam\\steamapps\\workshop\\content\\281990\\1067631798/esap.zip","status":"ready_to_play","id":"a5e8adb6-5008-4a4f-b7e1-e35190837a3e","timeUpdated":1568554299,"thumbnailUrl":"https://steamuserimages-a.akamaihd.net/ugc/882000415990602323/5E67A7E5A13B3D0E5435D7CB0BC104821FA17F28/","dirPath":"E:\\Steam\\steamapps\\workshop\\content\\281990\\1067631798","thumbnailPath":"C:\\Users\\User\\Documents\\Paradox Interactive\\Stellaris\\.launcher-cache\\steam-mod-thumbnail-1067631798\\634d348a-ecbc-45b1-8f0e-cfbe541d1477.png"},"d2145d7f-54e5-4c67-affd-3ed0bca26054":{"gameRegistryId":"mod/ugc_1210945403.mod","source":"steam","steamId":"1210945403","displayName":"Just Name Lists","tags":["Species","Names","Namelists","Name lists","Arthropoid","Mammalian","Molluscoid","Plantoid","Reptilian","Machine","Human","Humanoid"],"requiredVersion":"2.3.*","archivePath":"E:\\Steam\\steamapps\\workshop\\content\\281990\\1210945403/just-name-lists.zip","status":"ready_to_play","id":"d2145d7f-54e5-4c67-affd-3ed0bca26054","timeUpdated":1562115389,"thumbnailUrl":"https://steamuserimages-a.akamaihd.net/ugc/919177627919969301/F9F3CFEC9CA5066C89FCA5EB43D5AAB2C8F337E6/","dirPath":"E:\\Steam\\steamapps\\workshop\\content\\281990\\1210945403","thumbnailPath":"C:\\Users\\User\\Documents\\Paradox Interactive\\Stellaris\\.launcher-cache\\steam-mod-thumbnail-1210945403\\c5985985-4830-4174-bd4f-7064311abdd7.png"},"d198b741-0c1b-471f-8178-f51ce71ab955":{"gameRegistryId":"mod/ugc_1219847230.mod","source":"steam","steamId":"1219847230","displayName":"TALL WHITE 2.X ships and stations","tags":["Spaceships","Ship Set"],"requiredVersion":"2.3.*","archivePath":"E:\\Steam\\steamapps\\workshop\\content\\281990\\1219847230/TALL_WHITE.zip","status":"ready_to_play","id":"d198b741-0c1b-471f-8178-f51ce71ab955","timeUpdated":1560157740,"thumbnailUrl":"https://steamuserimages-a.akamaihd.net/ugc/892140715979437047/31A936DE7567A89B91CA8B0352574B4AB3F182A1/","dirPath":"E:\\Steam\\steamapps\\workshop\\content\\281990\\1219847230","thumbnailPath":"C:\\Users\\User\\Documents\\Paradox Interactive\\Stellaris\\.launcher-cache\\steam-mod-thumbnail-1219847230\\b7dfbdc0-ea52-4add-996c-0440e2169661.jpeg"},"8f646432-3d45-46bc-8431-b95a2fcc595a":{"gameRegistryId":"mod/ugc_1227620643.mod","source":"steam","steamId":"1227620643","displayName":"Dynamic Political Events","tags":["Events","Gameplay","Challenge","Immersion","Russian","CC"],"requiredVersion":"2.3.*","archivePath":"E:\\Steam\\steamapps\\workshop\\content\\281990\\1227620643/cc_events.zip","status":"ready_to_play","id":"8f646432-3d45-46bc-8431-b95a2fcc595a","timeUpdated":1570644878,"thumbnailUrl":"https://steamuserimages-a.akamaihd.net/ugc/923666671122054610/E54E3DD248EF79EEA3CE2164F55E2FE60022C30E/","dirPath":"E:\\Steam\\steamapps\\workshop\\content\\281990\\1227620643","thumbnailPath":"C:\\Users\\User\\Documents\\Paradox Interactive\\Stellaris\\.launcher-cache\\steam-mod-thumbnail-1227620643\\1080a5c3-d507-4afa-9860-b4eea1d7415a.png"},"39098767-5b7a-46fb-a36f-21496166ef9c":{"gameRegistryId":"mod/ugc_1261141644.mod","source":"steam","steamId":"1261141644","displayName":"KUROGANE 2.X ships and stations","tags":["Spaceships","Ship Set"],"requiredVersion":"2.3.*","archivePath":"E:\\Steam\\steamapps\\workshop\\content\\281990\\1261141644/KUROGANE.zip","status":"ready_to_play","id":"39098767-5b7a-46fb-a36f-21496166ef9c","timeUpdated":1560157574,"thumbnailUrl":"https://steamuserimages-a.akamaihd.net/ugc/925920383110464003/7677B4D558A5F46F0179C69A3D26FB3AE5A9B728/","dirPath":"E:\\Steam\\steamapps\\workshop\\content\\281990\\1261141644","thumbnailPath":"C:\\Users\\User\\Documents\\Paradox Interactive\\Stellaris\\.launcher-cache\\steam-mod-thumbnail-1261141644\\3248263d-b2c6-43a6-b3f7-ce39dc5f8265.jpeg"},"0b4076b5-029b-4add-b77e-15a436358858":{"gameRegistryId":"mod/ugc_1311397395.mod","source":"steam","steamId":"1311397395","displayName":"No Forced Peace from War Exhaustion (Updated for 2.1)","tags":["Balance","Gameplay","War Exhaustion","Peace","Forced Peace","Auto Peace","Status Quo"],"requiredVersion":"2.1.0","archivePath":"E:\\Steam\\steamapps\\workshop\\content\\281990\\1311397395/noforcedpeace.zip","status":"ready_to_play","id":"0b4076b5-029b-4add-b77e-15a436358858","timeUpdated":1528416580,"thumbnailUrl":"https://steamuserimages-a.akamaihd.net/ugc/915791632133886763/EAAF9467F1E557AC220A53FB826949F46A53588E/","dirPath":"E:\\Steam\\steamapps\\workshop\\content\\281990\\1311397395","thumbnailPath":"C:\\Users\\User\\Documents\\Paradox Interactive\\Stellaris\\.launcher-cache\\steam-mod-thumbnail-1311397395\\48d6e1ba-5f12-419e-a569-ce4b9186a533.jpeg"},"b90cac8d-8270-4970-9125-08201303f557":{"gameRegistryId":"mod/ugc_1314805272.mod","source":"steam","steamId":"1314805272","displayName":"Hyperlane Transparency Lite","tags":["Graphics"],"requiredVersion":"2.2.*","archivePath":"E:\\Steam\\steamapps\\workshop\\content\\281990\\1314805272/hyperlane_transparency_lite.zip","status":"ready_to_play","id":"b90cac8d-8270-4970-9125-08201303f557","timeUpdated":1544878164,"thumbnailUrl":"https://steamuserimages-a.akamaihd.net/ugc/952972391817294431/497AFA6E7BBFCE092D634DDF9F44BF21C6672418/","dirPath":"E:\\Steam\\steamapps\\workshop\\content\\281990\\1314805272","thumbnailPath":"C:\\Users\\User\\Documents\\Paradox Interactive\\Stellaris\\.launcher-cache\\steam-mod-thumbnail-1314805272\\5a9b83c2-b0b4-49d7-a007-2c4fa4fa64ee.jpeg"},"6b5e3cec-4760-42eb-a77f-33a3a303b215":{"gameRegistryId":"mod/ugc_1340817672.mod","source":"steam","steamId":"1340817672","displayName":"STREGA 2.X ships and stations","tags":["Spaceships","Ship Set"],"requiredVersion":"2.3.*","archivePath":"E:\\Steam\\steamapps\\workshop\\content\\281990\\1340817672/STREGA.zip","status":"ready_to_play","id":"6b5e3cec-4760-42eb-a77f-33a3a303b215","timeUpdated":1560157710,"thumbnailUrl":"https://steamuserimages-a.akamaihd.net/ugc/934934461115390174/7082FA363E3FE673609D76BC03C86EA4B2312F56/","dirPath":"E:\\Steam\\steamapps\\workshop\\content\\281990\\1340817672","thumbnailPath":"C:\\Users\\User\\Documents\\Paradox Interactive\\Stellaris\\.launcher-cache\\steam-mod-thumbnail-1340817672\\105d9a94-eb96-4930-9287-e24a6518ef0a.jpeg"},"fb1b814d-b426-469e-9850-8939af2d5d14":{"gameRegistryId":"mod/ugc_1435832483.mod","source":"steam","steamId":"1435832483","displayName":"Detailed Tech Tooltips Reloaded","tags":["Fixes","Utilities","Gameplay","Overhaul"],"requiredVersion":"2.3.*","archivePath":"E:\\Steam\\steamapps\\workshop\\content\\281990\\1435832483/detailedtechtooltips_reloaded.zip","status":"ready_to_play","id":"fb1b814d-b426-469e-9850-8939af2d5d14","timeUpdated":1565684012,"thumbnailUrl":"https://steamuserimages-a.akamaihd.net/ugc/958588338308148040/32DE425F8B198F94F3D8D92D7970B47CD32F5F73/","dirPath":"E:\\Steam\\steamapps\\workshop\\content\\281990\\1435832483","thumbnailPath":"C:\\Users\\User\\Documents\\Paradox Interactive\\Stellaris\\.launcher-cache\\steam-mod-thumbnail-1435832483\\5c93e46a-3ad1-4ebc-bbe0-400563f2d920.jpeg"},"4d629a28-e806-43b6-be79-8b139771bef0":{"gameRegistryId":"mod/ugc_1506078758.mod","source":"steam","steamId":"1506078758","displayName":"Quadrant Fixed","tags":["Graphics","Fixes","2.4"],"requiredVersion":"2.3.*","archivePath":"E:\\Steam\\steamapps\\workshop\\content\\281990\\1506078758/Quadrant_fixed.zip","status":"ready_to_play","id":"4d629a28-e806-43b6-be79-8b139771bef0","timeUpdated":1570813519,"thumbnailUrl":"https://steamuserimages-a.akamaihd.net/ugc/942830821886456253/B69B0D0C1ADE313AF200D48743845A7B85F0482E/","dirPath":"E:\\Steam\\steamapps\\workshop\\content\\281990\\1506078758","thumbnailPath":"C:\\Users\\User\\Documents\\Paradox Interactive\\Stellaris\\.launcher-cache\\steam-mod-thumbnail-1506078758\\d31588e8-92e7-411c-94a2-50223b80cd4f.jpeg"},"1363d681-426d-4960-9bc5-545a918531e9":{"gameRegistryId":"mod/ugc_1506083796.mod","source":"steam","steamId":"1506083796","displayName":"Pinwheel Galaxy","tags":["Graphics","Galaxy Generation","2.4"],"requiredVersion":"2.3.*","archivePath":"E:\\Steam\\steamapps\\workshop\\content\\281990\\1506083796/pinwheel_galaxy.zip","status":"ready_to_play","id":"1363d681-426d-4960-9bc5-545a918531e9","timeUpdated":1570813482,"thumbnailUrl":"https://steamuserimages-a.akamaihd.net/ugc/942830821886483909/9CC464347A6C1D45FD963F47004330F5A5AC1C72/","dirPath":"E:\\Steam\\steamapps\\workshop\\content\\281990\\1506083796","thumbnailPath":"C:\\Users\\User\\Documents\\Paradox Interactive\\Stellaris\\.launcher-cache\\steam-mod-thumbnail-1506083796\\410a68a5-9668-41a8-be7b-d067c8ce96f4.jpeg"},"81615c2b-4f5f-45fe-8f05-63c78136a706":{"gameRegistryId":"mod/ugc_682090850.mod","source":"steam","steamId":"682090850","displayName":"Expanded Colours [180 Colours]","tags":["Graphics"],"requiredVersion":"2.3.*","archivePath":"E:\\Steam\\steamapps\\workshop\\content\\281990\\682090850/expandedcolours.zip","status":"ready_to_play","id":"81615c2b-4f5f-45fe-8f05-63c78136a706","timeUpdated":1559663096,"thumbnailUrl":"https://steamuserimages-a.akamaihd.net/ugc/931553965090859400/ED85B616BFBDE68EFD7B053AA113F3D082576963/","dirPath":"E:\\Steam\\steamapps\\workshop\\content\\281990\\682090850","thumbnailPath":"C:\\Users\\User\\Documents\\Paradox Interactive\\Stellaris\\.launcher-cache\\steam-mod-thumbnail-682090850\\f963ff60-bd93-46b1-b7f7-064e5124795f.png"},"d756df64-3882-4e22-aa8a-7fea943150a7":{"gameRegistryId":"mod/ugc_684509615.mod","source":"steam","steamId":"684509615","displayName":"UI Overhaul 1080p Plus","tags":["Fixes","Graphics","Overhaul"],"requiredVersion":"2.3.*","archivePath":"E:\\Steam\\steamapps\\workshop\\content\\281990\\684509615/ui_overhaul_1080.zip","status":"ready_to_play","id":"d756df64-3882-4e22-aa8a-7fea943150a7","timeUpdated":1559665818,"thumbnailUrl":"https://steamuserimages-a.akamaihd.net/ugc/87100591311802455/FA9F7B4EA7B6843D8B0A567A97E0A7543E4C451A/","dirPath":"E:\\Steam\\steamapps\\workshop\\content\\281990\\684509615","thumbnailPath":"C:\\Users\\User\\Documents\\Paradox Interactive\\Stellaris\\.launcher-cache\\steam-mod-thumbnail-684509615\\aaa4de6d-e147-417b-8e63-2a1ba7ca30d9.png"},"7b3e7f8a-d3ca-4a55-8cfb-8536c8c9f071":{"gameRegistryId":"mod/ugc_727000451.mod","source":"steam","steamId":"727000451","displayName":"More Events Mod","tags":["Events"],"requiredVersion":"2.3.*","archivePath":"E:\\Steam\\steamapps\\workshop\\content\\281990\\727000451/mem_stable.zip","status":"ready_to_play","id":"7b3e7f8a-d3ca-4a55-8cfb-8536c8c9f071","timeUpdated":1563816511,"thumbnailUrl":"https://steamuserimages-a.akamaihd.net/ugc/794240498842300062/9E400E4B00A5587EC9048D506CDAD33623D019E2/","dirPath":"E:\\Steam\\steamapps\\workshop\\content\\281990\\727000451","thumbnailPath":"C:\\Users\\User\\Documents\\Paradox Interactive\\Stellaris\\.launcher-cache\\steam-mod-thumbnail-727000451\\f2f32637-9a45-4bab-9cce-1c7c24cab640.jpeg"},"57e438df-77ac-445e-b827-88d1277c59a6":{"gameRegistryId":"mod/ugc_784249404.mod","source":"steam","steamId":"784249404","displayName":"Auto Survey At Start Standalone","tags":["Balance","Fixes","Gameplay","Spaceships"],"requiredVersion":"2.3.*","archivePath":"E:\\Steam\\steamapps\\workshop\\content\\281990\\784249404/autosurveyatstart.zip","status":"ready_to_play","id":"57e438df-77ac-445e-b827-88d1277c59a6","timeUpdated":1560014928,"thumbnailUrl":"https://steamuserimages-a.akamaihd.net/ugc/468764711788473162/AAEEC1E039C8C35A6FE8B5198B8337528C1EDD3A/","dirPath":"E:\\Steam\\steamapps\\workshop\\content\\281990\\784249404","thumbnailPath":"C:\\Users\\User\\Documents\\Paradox Interactive\\Stellaris\\.launcher-cache\\steam-mod-thumbnail-784249404\\459b4f80-f0ee-4e3c-8d84-1dee227422f8.jpeg"},"d7275c97-3198-42da-ac63-44067013d7ed":{"gameRegistryId":"mod/ugc_819007550.mod","source":"steam","steamId":"819007550","displayName":"War Name Variety (2.0 - The Invasion Begins)","tags":["Graphics","Overhaul"],"requiredVersion":"2.3.*","archivePath":"E:\\Steam\\steamapps\\workshop\\content\\281990\\819007550/war_name_variety.zip","status":"ready_to_play","id":"d7275c97-3198-42da-ac63-44067013d7ed","timeUpdated":1559764809,"thumbnailUrl":"https://steamuserimages-a.akamaihd.net/ugc/963105290823609190/2C74268CED3A2F8978564C953786F038B0E97FD4/","dirPath":"E:\\Steam\\steamapps\\workshop\\content\\281990\\819007550","thumbnailPath":"C:\\Users\\User\\Documents\\Paradox Interactive\\Stellaris\\.launcher-cache\\steam-mod-thumbnail-819007550\\7d638b5f-83c1-4fca-85a2-fc3bc88aebc1.jpeg"},"d84f8a04-e7f8-4d7f-9117-03999acd4060":{"gameRegistryId":"mod/ugc_865040033.mod","source":"steam","steamId":"865040033","displayName":"Guilli's Planet Modifiers 2.3","tags":["Events","Galaxy Generation","Gameplay"],"requiredVersion":"2.3.*","archivePath":"E:\\Steam\\steamapps\\workshop\\content\\281990\\865040033/Guilli's Planet Modifiers 2.3.zip","status":"ready_to_play","id":"d84f8a04-e7f8-4d7f-9117-03999acd4060","timeUpdated":1563002608,"thumbnailUrl":"https://steamuserimages-a.akamaihd.net/ugc/777348801626429928/90F3B6CC348115BFB5AA6BD7422DEC7EC8EC73A7/","dirPath":"E:\\Steam\\steamapps\\workshop\\content\\281990\\865040033","thumbnailPath":"C:\\Users\\User\\Documents\\Paradox Interactive\\Stellaris\\.launcher-cache\\steam-mod-thumbnail-865040033\\c9e19dc9-51b9-4f9c-982f-deb08ff59cec.png"},"73cf767c-fdc8-46c7-acf2-872a822b7973":{"gameRegistryId":"mod/ugc_946222466.mod","source":"steam","steamId":"946222466","displayName":"Expanded Stellaris Traditions","tags":["Gameplay"],"requiredVersion":"2.3.*","archivePath":"E:\\Steam\\steamapps\\workshop\\content\\281990\\946222466/expanded_stellaris_traditions.zip","status":"ready_to_play","id":"73cf767c-fdc8-46c7-acf2-872a822b7973","timeUpdated":1565095103,"thumbnailUrl":"https://steamuserimages-a.akamaihd.net/ugc/791988295310371118/B2A8AC02552FD7CCCCABD599A580DAABC3A3D457/","dirPath":"E:\\Steam\\steamapps\\workshop\\content\\281990\\946222466","thumbnailPath":"C:\\Users\\User\\Documents\\Paradox Interactive\\Stellaris\\.launcher-cache\\steam-mod-thumbnail-946222466\\e8d50016-eb24-425b-a597-c65369aa71ec.png"},"db0d2657-376d-4fd7-9bf3-5cae7c1c740d":{"steamId":"1878473679","displayName":"Amazing Space Battles","tags":["Gameplay","Spaceships","Graphics","Utilities"],"timeUpdated":1570273703,"source":"steam","thumbnailUrl":"https://steamuserimages-a.akamaihd.net/ugc/787491957355556209/F6CDE1C908BCC1760C6112042E9D0278D0A08055/","status":"ready_to_play","id":"db0d2657-376d-4fd7-9bf3-5cae7c1c740d","thumbnailPath":"C:\\Users\\User\\Documents\\Paradox Interactive\\Stellaris\\.launcher-cache\\steam-mod-thumbnail-1878473679\\1fbb2e1d-2a8d-47b0-a561-037d8e87eb8e.png","dirPath":"E:\\Steam\\steamapps\\workshop\\content\\281990\\1878473679","gameRegistryId":"mod/ugc_1878473679.mod","requiredVersion":"2.3.*","archivePath":"E:/Steam/steamapps/workshop/content/281990/1878473679/ASB.zip"},"79caabaa-b530-4192-ab94-c846882ae2fe":{"steamId":"819148835","displayName":"Planetary Diversity","tags":["Galaxy Generation","Gameplay"],"timeUpdated":1570861948,"source":"steam","thumbnailUrl":"https://steamuserimages-a.akamaihd.net/ugc/772856069226114113/F214BEF2C943C3B9F59A6001E4FDEBA7E163C5F2/","dirPath":"E:\\Steam\\steamapps\\workshop\\content\\281990\\819148835","status":"ready_to_play","id":"79caabaa-b530-4192-ab94-c846882ae2fe","gameRegistryId":"mod/ugc_819148835.mod","thumbnailPath":"C:\\Users\\User\\Documents\\Paradox Interactive\\Stellaris\\.launcher-cache\\steam-mod-thumbnail-819148835\\ea6a3329-37f5-4dfe-a16e-14cbb2ecf52a.png"},"201c2c55-71e4-46d0-a0db-604e6ffb9199":{"steamId":"1121692237","displayName":"Gigastructural Engineering & More (2.4)","tags":["Gameplay","Megastructures"],"timeUpdated":1570684959,"source":"steam","thumbnailUrl":"https://steamuserimages-a.akamaihd.net/ugc/853850648892665798/C69722814689614669CA96B09617DA4280B6BB2E/","dirPath":"E:\\Steam\\steamapps\\workshop\\content\\281990\\1121692237","status":"ready_to_play","id":"201c2c55-71e4-46d0-a0db-604e6ffb9199","gameRegistryId":"mod/ugc_1121692237.mod","requiredVersion":"2.4.*","thumbnailPath":"C:\\Users\\User\\Documents\\Paradox Interactive\\Stellaris\\.launcher-cache\\steam-mod-thumbnail-1121692237\\4f2165ae-d6d0-4380-bc4a-13af3e65b82e.png"},"cfcf2f82-8c04-4cd8-aacf-5b21ab13c69a":{"steamId":"1732437279","displayName":"Planetary Diversity - Exotic Worlds","tags":["Balance","Galaxy Generation"],"timeUpdated":1570779391,"source":"steam","thumbnailUrl":"https://steamuserimages-a.akamaihd.net/ugc/772856069225803764/C8B27C086AEC21048675111B5867FF19146B8668/","dirPath":"E:\\Steam\\steamapps\\workshop\\content\\281990\\1732437279","status":"ready_to_play","id":"cfcf2f82-8c04-4cd8-aacf-5b21ab13c69a","gameRegistryId":"mod/ugc_1732437279.mod","thumbnailPath":"C:\\Users\\User\\Documents\\Paradox Interactive\\Stellaris\\.launcher-cache\\steam-mod-thumbnail-1732437279\\b164c99e-0141-44ef-998a-21d539c9365e.png"},"8db71532-a5e8-459f-abe1-495bcdfe1f34":{"steamId":"1732447147","displayName":"Planetary Diversity - More Arcologies","tags":["Balance","Gameplay"],"timeUpdated":1570779426,"source":"steam","thumbnailUrl":"https://steamuserimages-a.akamaihd.net/ugc/772856069225853880/15B02457BB766DFA2760560E54B1E285F6EEFBB0/","dirPath":"E:\\Steam\\steamapps\\workshop\\content\\281990\\1732447147","status":"ready_to_play","id":"8db71532-a5e8-459f-abe1-495bcdfe1f34","gameRegistryId":"mod/ugc_1732447147.mod","thumbnailPath":"C:\\Users\\User\\Documents\\Paradox Interactive\\Stellaris\\.launcher-cache\\steam-mod-thumbnail-1732447147\\1a00eea8-7fa8-4169-8de6-1fcda61750c4.png"},"0859370e-ca81-4f96-b658-11c684856f5f":{"steamId":"1740165239","displayName":"Planetary Diversity - Unique Worlds","tags":["Balance","Galaxy Generation"],"timeUpdated":1570779456,"source":"steam","thumbnailUrl":"https://steamuserimages-a.akamaihd.net/ugc/772856069225851143/6B2E93910DF9598583A955EB20E2DF4C1C92D1E0/","dirPath":"E:\\Steam\\steamapps\\workshop\\content\\281990\\1740165239","status":"ready_to_play","id":"0859370e-ca81-4f96-b658-11c684856f5f","gameRegistryId":"mod/ugc_1740165239.mod","thumbnailPath":"C:\\Users\\User\\Documents\\Paradox Interactive\\Stellaris\\.launcher-cache\\steam-mod-thumbnail-1740165239\\8a6896c3-392b-4dd8-8fba-feb2fe664fd9.png"},"d195148a-586a-4a97-8487-7b369febc00c":{"steamId":"1813104049","displayName":"Vassals Expanded and Reworked","tags":["Overhaul","Diplomacy","Gameplay"],"timeUpdated":1570863207,"source":"steam","thumbnailUrl":"https://steamuserimages-a.akamaihd.net/ugc/773981969137111218/A36D13A38B1F9A55493B89E9CBCD6692090E50CE/","dirPath":"E:\\Steam\\steamapps\\workshop\\content\\281990\\1813104049","status":"ready_to_play","id":"d195148a-586a-4a97-8487-7b369febc00c","gameRegistryId":"mod/ugc_1813104049.mod","requiredVersion":"2.4.*","thumbnailPath":"C:\\Users\\User\\Documents\\Paradox Interactive\\Stellaris\\.launcher-cache\\steam-mod-thumbnail-1813104049\\04b54273-eed6-475c-8543-ca4d13759053.png"},"bfcda64f-24b2-4d9c-a909-7443b974c5a2":{"steamId":"1878751971","displayName":"Planetary Diversity - Planetary Habitats","tags":["Balance","Buildings","Economy","Graphics"],"timeUpdated":1570779485,"source":"steam","thumbnailUrl":"https://steamuserimages-a.akamaihd.net/ugc/772856069225861288/3FB0D4C3B3C703B47949938399ADCD74B8F1AC94/","dirPath":"E:\\Steam\\steamapps\\workshop\\content\\281990\\1878751971","status":"ready_to_play","id":"bfcda64f-24b2-4d9c-a909-7443b974c5a2","gameRegistryId":"mod/ugc_1878751971.mod","thumbnailPath":"C:\\Users\\User\\Documents\\Paradox Interactive\\Stellaris\\.launcher-cache\\steam-mod-thumbnail-1878751971\\f0676e69-b0c2-4a3f-9225-609b18bd8d1b.png"}}